model,year
Civic,2018
Civic,2019
Civic,2020
Civic,2021
Civic,2022
Accord,2018
Accord,2019
Accord,2020
Accord,2021
Accord,2022
Fit,2018
Fit,2019
Fit,2020
Fit,2021
Fit,2022
CR-V,2018
CR-V,2019
CR-V,2020
CR-V,2021
CR-V,2022
Pilot,2018
Pilot,2019
Pilot,2020
Pilot,2021
Pilot,2022
Corolla,2018
Corolla,2019
Corolla,2020
Corolla,2021
Corolla,2022
Camry,2018
Camry,2019
Camry,2020
Camry,2021
Camry,2022
Yaris,2018
Yaris,2019
Yaris,2020
Yaris,2021
Yaris,2022
RAV4,2018
RAV4,2019
RAV4,2020
RAV4,2021
RAV4,2022
Highlander,2018
Highlander,2019
Highlander,2020
Highlander,2021
Highlander,2022
Sentra,2018
Sentra,2019
Sentra,2020
Sentra,2021
Sentra,2022
Altima,2018
Altima,2019
Altima,2020
Altima,2021
Altima,2022
Leaf,2018
Leaf,2019
Leaf,2020
Leaf,2021
Leaf,2022
Rogue,2018
Rogue,2019
Rogue,2020
Rogue,2021
Rogue,2022
GT-R,2018
GT-R,2019
GT-R,2020
GT-R,2021
GT-R,2022
MX-5,2018
MX-5,2019
MX-5,2020
MX-5,2021
MX-5,2022
CX-5,2018
CX-5,2019
CX-5,2020
CX-5,2021
CX-5,2022
CX-30,2018
CX-30,2019
CX-30,2020
CX-30,2021
CX-30,2022
3,2018
3,2019
3,2020
3,2021
3,2022
6,2018
6,2019
6,2020
6,2021
6,2022
Impreza,2018
Impreza,2019
Impreza,2020
Impreza,2021
Impreza,2022
Outback,2018
Outback,2019
Outback,2020
Outback,2021
Outback,2022
Forester,2018
Forester,2019
Forester,2020
Forester,2021
Forester,2022
Legacy,2018
Legacy,2019
Legacy,2020
Legacy,2021
Legacy,2022
WRX,2018
WRX,2019
WRX,2020
WRX,2021
WRX,2022
Lancer,2018
Lancer,2019
Lancer,2020
Lancer,2021
Lancer,2022
Outlander,2018
Outlander,2019
Outlander,2020
Outlander,2021
Outlander,2022
ASX,2018
ASX,2019
ASX,2020
ASX,2021
ASX,2022
Eclipse,2018
Eclipse,2019
Eclipse,2020
Eclipse,2021
Eclipse,2022
Pajero,2018
Pajero,2019
Pajero,2020
Pajero,2021
Pajero,2022
Swift,2018
Swift,2019
Swift,2020
Swift,2021
Swift,2022
Vitara,2018
Vitara,2019
Vitara,2020
Vitara,2021
Vitara,2022
Jimny,2018
Jimny,2019
Jimny,2020
Jimny,2021
Jimny,2022
Celerio,2018
Celerio,2019
Celerio,2020
Celerio,2021
Celerio,2022
S-Cross,2018
S-Cross,2019
S-Cross,2020
S-Cross,2021
S-Cross,2022
IS,2018
IS,2019
IS,2020
IS,2021
IS,2022
ES,2018
ES,2019
ES,2020
ES,2021
ES,2022
GS,2018
GS,2019
GS,2020
GS,2021
GS,2022
RX,2018
RX,2019
RX,2020
RX,2021
RX,2022
NX,2018
NX,2019
NX,2020
NX,2021
NX,2022
Q50,2018
Q50,2019
Q50,2020
Q50,2021
Q50,2022
Q60,2018
Q60,2019
Q60,2020
Q60,2021
Q60,2022
QX50,2018
QX50,2019
QX50,2020
QX50,2021
QX50,2022
QX60,2018
QX60,2019
QX60,2020
QX60,2021
QX60,2022
QX80,2018
QX80,2019
QX80,2020
QX80,2021
QX80,2022
ILX,2018
ILX,2019
ILX,2020
ILX,2021
ILX,2022
TLX,2018
TLX,2019
TLX,2020
TLX,2021
TLX,2022
RDX,2018
RDX,2019
RDX,2020
RDX,2021
RDX,2022
MDX,2018
MDX,2019
MDX,2020
MDX,2021
MDX,2022
NSX,2018
NSX,2019
NSX,2020
NSX,2021
NSX,2022
