model,year,version
Civic,2018,DX
Civic,2018,LX
Civic,2018,EX
Civic,2019,DX
Civic,2019,LX
Civic,2019,EX
Civic,2020,DX
Civic,2020,LX
Civic,2020,EX
Civic,2021,DX
Civic,2021,LX
Civic,2021,EX
Civic,2022,DX
Civic,2022,LX
Civic,2022,EX
Accord,2018,DX
Accord,2018,LX
Accord,2018,EX
Accord,2019,DX
Accord,2019,LX
Accord,2019,EX
Accord,2020,DX
Accord,2020,LX
Accord,2020,EX
Accord,2021,DX
Accord,2021,LX
Accord,2021,EX
Accord,2022,DX
Accord,2022,LX
Accord,2022,EX
Fit,2018,DX
Fit,2018,LX
Fit,2018,EX
Fit,2019,DX
Fit,2019,LX
Fit,2019,EX
Fit,2020,DX
Fit,2020,LX
Fit,2020,EX
Fit,2021,DX
Fit,2021,LX
Fit,2021,EX
Fit,2022,DX
Fit,2022,LX
Fit,2022,EX
CR-V,2018,DX
CR-V,2018,LX
CR-V,2018,EX
CR-V,2019,DX
CR-V,2019,LX
CR-V,2019,EX
CR-V,2020,DX
CR-V,2020,LX
CR-V,2020,EX
CR-V,2021,DX
CR-V,2021,LX
CR-V,2021,EX
CR-V,2022,DX
CR-V,2022,LX
CR-V,2022,EX
Pilot,2018,DX
Pilot,2018,LX
Pilot,2018,EX
Pilot,2019,DX
Pilot,2019,LX
Pilot,2019,EX
Pilot,2020,DX
Pilot,2020,LX
Pilot,2020,EX
Pilot,2021,DX
Pilot,2021,LX
Pilot,2021,EX
Pilot,2022,DX
Pilot,2022,LX
Pilot,2022,EX
Corolla,2018,DX
Corolla,2018,LX
Corolla,2018,EX
Corolla,2019,DX
Corolla,2019,LX
Corolla,2019,EX
Corolla,2020,DX
Corolla,2020,LX
Corolla,2020,EX
Corolla,2021,DX
Corolla,2021,LX
Corolla,2021,EX
Corolla,2022,DX
Corolla,2022,LX
Corolla,2022,EX
Camry,2018,DX
Camry,2018,LX
Camry,2018,EX
Camry,2019,DX
Camry,2019,LX
Camry,2019,EX
Camry,2020,DX
Camry,2020,LX
Camry,2020,EX
Camry,2021,DX
Camry,2021,LX
Camry,2021,EX
Camry,2022,DX
Camry,2022,LX
Camry,2022,EX
Yaris,2018,DX
Yaris,2018,LX
Yaris,2018,EX
Yaris,2019,DX
Yaris,2019,LX
Yaris,2019,EX
Yaris,2020,DX
Yaris,2020,LX
Yaris,2020,EX
Yaris,2021,DX
Yaris,2021,LX
Yaris,2021,EX
Yaris,2022,DX
Yaris,2022,LX
Yaris,2022,EX
RAV4,2018,DX
RAV4,2018,LX
RAV4,2018,EX
RAV4,2019,DX
RAV4,2019,LX
RAV4,2019,EX
RAV4,2020,DX
RAV4,2020,LX
RAV4,2020,EX
RAV4,2021,DX
RAV4,2021,LX
RAV4,2021,EX
RAV4,2022,DX
RAV4,2022,LX
RAV4,2022,EX
Highlander,2018,DX
Highlander,2018,LX
Highlander,2018,EX
Highlander,2019,DX
Highlander,2019,LX
Highlander,2019,EX
Highlander,2020,DX
Highlander,2020,LX
Highlander,2020,EX
Highlander,2021,DX
Highlander,2021,LX
Highlander,2021,EX
Highlander,2022,DX
Highlander,2022,LX
Highlander,2022,EX
Sentra,2018,DX
Sentra,2018,LX
Sentra,2018,EX
Sentra,2019,DX
Sentra,2019,LX
Sentra,2019,EX
Sentra,2020,DX
Sentra,2020,LX
Sentra,2020,EX
Sentra,2021,DX
Sentra,2021,LX
Sentra,2021,EX
Sentra,2022,DX
Sentra,2022,LX
Sentra,2022,EX
Altima,2018,DX
Altima,2018,LX
Altima,2018,EX
Altima,2019,DX
Altima,2019,LX
Altima,2019,EX
Altima,2020,DX
Altima,2020,LX
Altima,2020,EX
Altima,2021,DX
Altima,2021,LX
Altima,2021,EX
Altima,2022,DX
Altima,2022,LX
Altima,2022,EX
Leaf,2018,DX
Leaf,2018,LX
Leaf,2018,EX
Leaf,2019,DX
Leaf,2019,LX
Leaf,2019,EX
Leaf,2020,DX
Leaf,2020,LX
Leaf,2020,EX
Leaf,2021,DX
Leaf,2021,LX
Leaf,2021,EX
Leaf,2022,DX
Leaf,2022,LX
Leaf,2022,EX
Rogue,2018,DX
Rogue,2018,LX
Rogue,2018,EX
Rogue,2019,DX
Rogue,2019,LX
Rogue,2019,EX
Rogue,2020,DX
Rogue,2020,LX
Rogue,2020,EX
Rogue,2021,DX
Rogue,2021,LX
Rogue,2021,EX
Rogue,2022,DX
Rogue,2022,LX
Rogue,2022,EX
GT-R,2018,DX
GT-R,2018,LX
GT-R,2018,EX
GT-R,2019,DX
GT-R,2019,LX
GT-R,2019,EX
GT-R,2020,DX
GT-R,2020,LX
GT-R,2020,EX
GT-R,2021,DX
GT-R,2021,LX
GT-R,2021,EX
GT-R,2022,DX
GT-R,2022,LX
GT-R,2022,EX
MX-5,2018,DX
MX-5,2018,LX
MX-5,2018,EX
MX-5,2019,DX
MX-5,2019,LX
MX-5,2019,EX
MX-5,2020,DX
MX-5,2020,LX
MX-5,2020,EX
MX-5,2021,DX
MX-5,2021,LX
MX-5,2021,EX
MX-5,2022,DX
MX-5,2022,LX
MX-5,2022,EX
CX-5,2018,DX
CX-5,2018,LX
CX-5,2018,EX
CX-5,2019,DX
CX-5,2019,LX
CX-5,2019,EX
CX-5,2020,DX
CX-5,2020,LX
CX-5,2020,EX
CX-5,2021,DX
CX-5,2021,LX
CX-5,2021,EX
CX-5,2022,DX
CX-5,2022,LX
CX-5,2022,EX
model,year,version
CX-30,2018,DX
CX-30,2018,LX
CX-30,2018,EX
CX-30,2019,DX
CX-30,2019,LX
CX-30,2019,EX
CX-30,2020,DX
CX-30,2020,LX
CX-30,2020,EX
CX-30,2021,DX
CX-30,2021,LX
CX-30,2021,EX
CX-30,2022,DX
CX-30,2022,LX
CX-30,2022,EX
3,2018,DX
3,2018,LX
3,2018,EX
3,2019,DX
3,2019,LX
3,2019,EX
3,2020,DX
3,2020,LX
3,2020,EX
3,2021,DX
3,2021,LX
3,2021,EX
3,2022,DX
3,2022,LX
3,2022,EX
6,2018,DX
6,2018,LX
6,2018,EX
6,2019,DX
6,2019,LX
6,2019,EX
6,2020,DX
6,2020,LX
6,2020,EX
6,2021,DX
6,2021,LX
6,2021,EX
6,2022,DX
6,2022,LX
6,2022,EX
Impreza,2018,DX
Impreza,2018,LX
Impreza,2018,EX
Impreza,2019,DX
Impreza,2019,LX
Impreza,2019,EX
Impreza,2020,DX
Impreza,2020,LX
Impreza,2020,EX
Impreza,2021,DX
Impreza,2021,LX
Impreza,2021,EX
Impreza,2022,DX
Impreza,2022,LX
Impreza,2022,EX
Outback,2018,DX
Outback,2018,LX
Outback,2018,EX
Outback,2019,DX
Outback,2019,LX
Outback,2019,EX
Outback,2020,DX
Outback,2020,LX
Outback,2020,EX
Outback,2021,DX
Outback,2021,LX
Outback,2021,EX
Outback,2022,DX
Outback,2022,LX
Outback,2022,EX
Forester,2018,DX
Forester,2018,LX
Forester,2018,EX
Forester,2019,DX
Forester,2019,LX
Forester,2019,EX
Forester,2020,DX
Forester,2020,LX
Forester,2020,EX
Forester,2021,DX
Forester,2021,LX
Forester,2021,EX
Forester,2022,DX
Forester,2022,LX
Forester,2022,EX
Legacy,2018,DX
Legacy,2018,LX
Legacy,2018,EX
Legacy,2019,DX
Legacy,2019,LX
Legacy,2019,EX
Legacy,2020,DX
Legacy,2020,LX
Legacy,2020,EX
Legacy,2021,DX
Legacy,2021,LX
Legacy,2021,EX
Legacy,2022,DX
Legacy,2022,LX
Legacy,2022,EX
WRX,2018,DX
WRX,2018,LX
WRX,2018,EX
WRX,2019,DX
WRX,2019,LX
WRX,2019,EX
WRX,2020,DX
WRX,2020,LX
WRX,2020,EX
WRX,2021,DX
WRX,2021,LX
WRX,2021,EX
WRX,2022,DX
WRX,2022,LX
WRX,2022,EX
Lancer,2018,DX
Lancer,2018,LX
Lancer,2018,EX
Lancer,2019,DX
Lancer,2019,LX
Lancer,2019,EX
Lancer,2020,DX
Lancer,2020,LX
Lancer,2020,EX
Lancer,2021,DX
Lancer,2021,LX
Lancer,2021,EX
Lancer,2022,DX
Lancer,2022,LX
Lancer,2022,EX
Outlander,2018,DX
Outlander,2018,LX
Outlander,2018,EX
Outlander,2019,DX
Outlander,2019,LX
Outlander,2019,EX
Outlander,2020,DX
Outlander,2020,LX
Outlander,2020,EX
Outlander,2021,DX
Outlander,2021,LX
Outlander,2021,EX
Outlander,2022,DX
Outlander,2022,LX
Outlander,2022,EX
ASX,2018,DX
ASX,2018,LX
ASX,2018,EX
ASX,2019,DX
ASX,2019,LX
ASX,2019,EX
ASX,2020,DX
ASX,2020,LX
ASX,2020,EX
ASX,2021,DX
ASX,2021,LX
ASX,2021,EX
ASX,2022,DX
ASX,2022,LX
ASX,2022,EX
Eclipse,2018,DX
Eclipse,2018,LX
Eclipse,2018,EX
Eclipse,2019,DX
Eclipse,2019,LX
Eclipse,2019,EX
Eclipse,2020,DX
Eclipse,2020,LX
Eclipse,2020,EX
Eclipse,2021,DX
Eclipse,2021,LX
Eclipse,2021,EX
Eclipse,2022,DX
Eclipse,2022,LX
Eclipse,2022,EX
Pajero,2018,DX
Pajero,2018,LX
Pajero,2018,EX
Pajero,2019,DX
Pajero,2019,LX
Pajero,2019,EX
Pajero,2020,DX
Pajero,2020,LX
Pajero,2020,EX
Pajero,2021,DX
Pajero,2021,LX
Pajero,2021,EX
Pajero,2022,DX
Pajero,2022,LX
Pajero,2022,EX
Swift,2018,DX
Swift,2018,LX
Swift,2018,EX
Swift,2019,DX
Swift,2019,LX
Swift,2019,EX
Swift,2020,DX
Swift,2020,LX
Swift,2020,EX
Swift,2021,DX
Swift,2021,LX
Swift,2021,EX
Swift,2022,DX
Swift,2022,LX
Swift,2022,EX
Vitara,2018,DX
Vitara,2018,LX
Vitara,2018,EX
Vitara,2019,DX
Vitara,2019,LX
Vitara,2019,EX
Vitara,2020,DX
Vitara,2020,LX
Vitara,2020,EX
Vitara,2021,DX
Vitara,2021,LX
Vitara,2021,EX
Vitara,2022,DX
Vitara,2022,LX
Vitara,2022,EX
Jimny,2018,DX
Jimny,2018,LX
Jimny,2018,EX
Jimny,2019,DX
Jimny,2019,LX
Jimny,2019,EX
Jimny,2020,DX
Jimny,2020,LX
Jimny,2020,EX
Jimny,2021,DX
Jimny,2021,LX
Jimny,2021,EX
Jimny,2022,DX
Jimny,2022,LX
Jimny,2022,EX
Celerio,2018,DX
Celerio,2018,LX
Celerio,2018,EX
Celerio,2019,DX
Celerio,2019,LX
Celerio,2019,EX
Celerio,2020,DX
Celerio,2020,LX
Celerio,2020,EX
Celerio,2021,DX
Celerio,2021,LX
Celerio,2021,EX
Celerio,2022,DX
Celerio,2022,LX
Celerio,2022,EX
S-Cross,2018,DX
S-Cross,2018,LX
S-Cross,2018,EX
S-Cross,2019,DX
S-Cross,2019,LX
S-Cross,2019,EX
S-Cross,2020,DX
S-Cross,2020,LX
S-Cross,2020,EX
S-Cross,2021,DX
S-Cross,2021,LX
S-Cross,2021,EX
S-Cross,2022,DX
S-Cross,2022,LX
S-Cross,2022,EX
IS,2018,DX
IS,2018,LX
IS,2018,EX
IS,2019,DX
IS,2019,LX
IS,2019,EX
IS,2020,DX
IS,2020,LX
IS,2020,EX
IS,2021,DX
IS,2021,LX
IS,2021,EX
IS,2022,DX
IS,2022,LX
IS,2022,EX
ES,2018,DX
ES,2018,LX
ES,2018,EX
ES,2019,DX
ES,2019,LX
ES,2019,EX
ES,2020,DX
ES,2020,LX
ES,2020,EX
ES,2021,DX
ES,2021,LX
ES,2021,EX
ES,2022,DX
ES,2022,LX
ES,2022,EX
GS,2018,DX
GS,2018,LX
GS,2018,EX
GS,2019,DX
GS,2019,LX
GS,2019,EX
GS,2020,DX
GS,2020,LX
GS,2020,EX
GS,2021,DX
GS,2021,LX
GS,2021,EX
GS,2022,DX
GS,2022,LX
GS,2022,EX
RX,2018,DX
RX,2018,LX
RX,2018,EX
RX,2019,DX
RX,2019,LX
RX,2019,EX
RX,2020,DX
RX,2020,LX
RX,2020,EX
RX,2021,DX
RX,2021,LX
RX,2021,EX
RX,2022,DX
RX,2022,LX
RX,2022,EX
NX,2018,DX
NX,2018,LX
NX,2018,EX
NX,2019,DX
NX,2019,LX
NX,2019,EX
NX,2020,DX
NX,2020,LX
NX,2020,EX
NX,2021,DX
NX,2021,LX
NX,2021,EX
NX,2022,DX
NX,2022,LX
NX,2022,EX
Q50,2018,DX
Q50,2018,LX
Q50,2018,EX
Q50,2019,DX
Q50,2019,LX
Q50,2019,EX
Q50,2020,DX
Q50,2020,LX
Q50,2020,EX
Q50,2021,DX
Q50,2021,LX
Q50,2021,EX
Q50,2022,DX
Q50,2022,LX
Q50,2022,EX
Q60,2018,DX
Q60,2018,LX
Q60,2018,EX
Q60,2019,DX
Q60,2019,LX
Q60,2019,EX
Q60,2020,DX
Q60,2020,LX
Q60,2020,EX
Q60,2021,DX
Q60,2021,LX
Q60,2021,EX
Q60,2022,DX
Q60,2022,LX
Q60,2022,EX
QX50,2018,DX
QX50,2018,LX
QX50,2018,EX
QX50,2019,DX
QX50,2019,LX
QX50,2019,EX
QX50,2020,DX
QX50,2020,LX
QX50,2020,EX
QX50,2021,DX
QX50,2021,LX
QX50,2021,EX
QX50,2022,DX
QX50,2022,LX
QX50,2022,EX
QX60,2018,DX
QX60,2018,LX
QX60,2018,EX
QX60,2019,DX
QX60,2019,LX
QX60,2019,EX
QX60,2020,DX
QX60,2020,LX
QX60,2020,EX
QX60,2021,DX
QX60,2021,LX
QX60,2021,EX
QX60,2022,DX
QX60,2022,LX
QX60,2022,EX
QX80,2018,DX
QX80,2018,LX
QX80,2018,EX
QX80,2019,DX
QX80,2019,LX
QX80,2019,EX
QX80,2020,DX
QX80,2020,LX
QX80,2020,EX
QX80,2021,DX
QX80,2021,LX
QX80,2021,EX
QX80,2022,DX
QX80,2022,LX
QX80,2022,EX
ILX,2018,DX
ILX,2018,LX
ILX,2018,EX
ILX,2019,DX
ILX,2019,LX
ILX,2019,EX
ILX,2020,DX
ILX,2020,LX
ILX,2020,EX
ILX,2021,DX
ILX,2021,LX
ILX,2021,EX
ILX,2022,DX
ILX,2022,LX
ILX,2022,EX
TLX,2018,DX
TLX,2018,LX
TLX,2018,EX
TLX,2019,DX
TLX,2019,LX
TLX,2019,EX
TLX,2020,DX
TLX,2020,LX
TLX,2020,EX
TLX,2021,DX
TLX,2021,LX
TLX,2021,EX
TLX,2022,DX
TLX,2022,LX
TLX,2022,EX
RDX,2018,DX
RDX,2018,LX
RDX,2018,EX
RDX,2019,DX
RDX,2019,LX
RDX,2019,EX
RDX,2020,DX
RDX,2020,LX
RDX,2020,EX
RDX,2021,DX
RDX,2021,LX
RDX,2021,EX
RDX,2022,DX
RDX,2022,LX
RDX,2022,EX
MDX,2018,DX
MDX,2018,LX
MDX,2018,EX
MDX,2019,DX
MDX,2019,LX
MDX,2019,EX
MDX,2020,DX
MDX,2020,LX
MDX,2020,EX
MDX,2021,DX
MDX,2021,LX
MDX,2021,EX
MDX,2022,DX
MDX,2022,LX
MDX,2022,EX
NSX,2018,DX
NSX,2018,LX
NSX,2018,EX
NSX,2019,DX
NSX,2019,LX
NSX,2019,EX
NSX,2020,DX
NSX,2020,LX
NSX,2020,EX
NSX,2021,DX
NSX,2021,LX
NSX,2021,EX
NSX,2022,DX
NSX,2022,LX
NSX,2022,EX
